mu,fluxes,fluxes_corrected
0.4158883083359672,3.399454580990645e-05,4.385296409477932e-05
0.6931471805599453,6.456107019360384e-05,7.359962002070837e-05
1.0397207708399179,0.00011469768506467276,0.00012731443042178676
1.3862943611198906,0.0001843410402168792,0.00020461855464073593
1.7328679513998633,0.0002693199041083887,0.00029894509356031147
2.0794415416798357,0.0003454616796087854,0.00038346246436575185
