,mu,fluxes
0,0.4158883083359672,4.390152773165061e-05
1,0.6931471805599453,8.358175471987329e-05
2,1.0397207708399179,0.00014804003537417066
3,1.3862943611198906,0.00022773917510793756
4,1.7328679513998633,0.000334307610600213
