mu,fluxes,fluxes_corrected
0.4158883083359672,4.390152773165061e-05,5.7071986051145794e-05
0.6931471805599453,8.358175471987329e-05,9.444738283345682e-05
1.0397207708399179,0.00014804003537417066,0.00016284403891158773
1.3862943611198906,0.00022773917510793756,0.0002505130926187313
1.7328679513998633,0.000334307610600213,0.0003677383716602344
